model_name,roc_auc,gmean,cohen_kappa
tsai_inceptiontime_plus,0.8065880978924457,0.7187934420375482,0.34611488218526343
tsai_xceptionime_plus,0.8538833147528802,0.6874256440025183,0.41690860166320054
tsai_fcn_plus,0.8150660933269629,0.6931359440681,0.38229857978759063
tsai_resnet_plus,0.8066305675001327,0.7042330242653291,0.3980962256622472
