model_name,roc_auc,gmean,cohen_kappa
tsfresh_simple_baseline_random_forest,0.6742793438445612,0.6063579892672908,0.14522323405668724
tsfresh_simple_baseline_extra_trees,0.6789642724425333,0.6100066271374135,0.14192675265655275
tsfresh_simple_baseline_logit_l2,0.7132345914954611,0.30973996152406735,0.09865889832922503
tsfresh_simple_baseline_logit_elastic,0.640563784042045,0.448718631264696,0.06913021557077681
tsfresh_simple_baseline_xgboost,0.6589265806657111,0.5838876396254543,0.10837511252455834
