model_name,roc_auc,gmean,cohen_kappa
raw_random_forest,0.6870346782024872,0.633707776895112,0.2679355783308931
raw_extra_trees,0.6903586151013207,0.6308062468583548,0.2626647144948755
raw_logit_l2,0.5077597971227618,0.5011712816880379,0.00234260614934112
raw_logit_elastic,0.5086327866251938,0.501899181812998,0.0038067349926793614
raw_xgboost,0.8080873075249364,0.7241509621275216,0.4483162518301611
