model_name,roc_auc,gmean,cohen_kappa
tsfresh_full_random_forest_sce_plus_isi,0.9524493001325137,0.8750859403471078,0.7017960077608436
tsfresh_full_extra_trees_sce_plus_isi,0.948046490860062,0.8695469166776914,0.6843066034891772
tsfresh_full_logit_l2_sce_plus_isi,0.9276979712858505,0.8269271205014076,0.6353613237791642
tsfresh_full_logit_elastic_sce_plus_isi,0.9438631138426229,0.8665598390497709,0.649550908044214
tsfresh_full_xgboost_sce_plus_isi,0.9729003413340673,0.9082463852978288,0.7799197741970232
