model_name,roc_auc,gmean,cohen_kappa
tsfresh_full_random_forest,0.9585034720208138,0.8853122844677042,0.7293501045545501
tsfresh_full_extra_trees,0.9534392183895022,0.8712674679186355,0.675425294565216
tsfresh_full_logit_l2,0.9215938875526604,0.8340610315746881,0.674266481711193
tsfresh_full_logit_elastic,0.927227181181346,0.8399893854757289,0.5824681694808324
tsfresh_full_xgboost,0.9694150556607002,0.9004775057007682,0.7526123870112266
