model_name,roc_auc,gmean,cohen_kappa
raw_random_forest,0.8846296698488839,0.6202054906234379,0.4755262592556273
raw_extra_trees,0.8806886575557314,0.7002166718776182,0.5065346376080146
raw_logit_l2,0.521902531609711,0.17936807247236006,0.04152656412939115
raw_logit_elastic,0.5073669433401636,0.2549096445004824,0.04708245007252043
