model_name,roc_auc,gmean,cohen_kappa
tsfresh_full_random_forest_sce,0.9234392768448161,0.7728640757484482,0.609953080605492
tsfresh_full_extra_trees_sce,0.9232542432937141,0.75829063535462,0.592226099744732
tsfresh_full_logit_l2_sce,0.848852095015965,0.5851666318587438,0.3272101219852164
tsfresh_full_logit_elastic_sce,0.8946473368433501,0.7492800357968316,0.5228490246066418
