model_name,roc_auc,gmean,cohen_kappa
tsai_inceptiontime_plus,0.9774382723127305,0.9051051048919393,0.8274373573968632
tsai_xceptionime_plus,0.980251097048861,0.9271072397232906,0.7958613830608623
tsai_fcn_plus,0.9637257798276107,0.8856809481519515,0.7111194262085517
tsai_resnet_plus,0.9679786287372618,0.8940810440115916,0.7723280391439393
