model_name,roc_auc,gmean,cohen_kappa
raw_knn_k1_victor_purpura,0.4933019203469907,0.4710349121943421,-0.00893950575279101
raw_knn_k1_isi,0.6542912270714653,0.642786355570185,0.2632087437151922
