model_name,roc_auc,gmean,cohen_kappa
raw_knn_k1_lp1,0.6273945882070451,0.533686488850323,0.3179602947340777
raw_knn_k5_lp2,0.5611642679753462,0.2328016739508203,0.043361983141316784
raw_knn_k5_lp1,0.6904204330999166,0.47046944161525495,0.28188453349178266
raw_knn_k5_lp1_wd,0.6919841127450121,0.47046944161525495,0.28188453349178266
raw_knn_k1_ks,0.832123533165072,0.8316468772597069,0.5463881377391089
raw_knn_k1_em,0.849617859627208,0.8492140812276683,0.5851874709531506
