model_name,roc_auc,gmean,cohen_kappa
tsfresh_full_random_forest,0.7454477889260498,0.6270858912269079,0.22132764596107712
tsfresh_full_extra_trees,0.7963077984817115,0.7129945329477485,0.30822695170289816
tsfresh_full_logit_l2,0.6007166746297181,0.52852988994118,0.16367241954801592
tsfresh_full_logit_elastic,0.6231777883951797,0.564730210122106,0.14446132628007036
tsfresh_full_xgboost,0.7440356744704572,0.6556827270986256,0.22239285549878007
