model_name,roc_auc,gmean,cohen_kappa
raw_random_forest,0.7440516005733397,0.45547054366782963,0.24289703439256294
raw_extra_trees,0.7556351860699687,0.6074076879484502,0.26540427396193356
raw_logit_l2,0.6575038488081967,0.18060082697378557,0.03566177249517988
raw_logit_elastic,0.5656420873812178,0.34183302480862904,0.06246769836858479
raw_xgboost,0.6960715612889526,0.6311741805610661,0.184619640287899
