model_name,roc_auc,gmean,cohen_kappa
raw_random_forest,0.7694697395456961,0.3443142331382547,0.11567772860006353
raw_extra_trees,0.7879914865947737,0.5132967809591779,0.2354694572992535
raw_logit_l2,0.5121327584986504,0.01710385413410149,-0.000918186885203065
raw_logit_elastic,0.512970104715939,0.06599447854542417,-0.00546549094046922
