model_name,roc_auc,gmean,cohen_kappa
tsfresh_full_random_forest,0.8082206605839438,0.7236160983780645,0.44366842477730284
tsfresh_full_extra_trees,0.8074664689345689,0.7137302900651051,0.434305635405386
tsfresh_full_logit_l2,0.8201103846466651,0.7133071305829982,0.4421819926572862
tsfresh_full_logit_elastic,0.8097713107411162,0.7068339434758962,0.4263449983019447
tsfresh_full_xgboost,0.811523864245503,0.7112737609573949,0.4280960015420209
