model_name,roc_auc,gmean,cohen_kappa
tsfresh_simple_baseline_random_forest,0.7979454737244748,0.6855240430085262,0.394042381568143
tsfresh_simple_baseline_extra_trees,0.7901667492465893,0.6739773111178357,0.3755379383802705
tsfresh_simple_baseline_logit_l2,0.7983571902436571,0.617158677780721,0.32810372011137645
tsfresh_simple_baseline_logit_elastic,0.8090089253245614,0.6835649884079082,0.4077789345409
tsfresh_simple_baseline_xgboost,0.7873873990812841,0.6722498995346267,0.37046805997588206
