model_name,roc_auc,gmean,cohen_kappa
tsai_inceptiontime_plus,0.7963955739865739,0.7538556325858513,0.4678138240990828
tsai_xceptionime_plus,0.8013170061029368,0.7501006761852522,0.4505139211580912
tsai_fcn_plus,0.8204361071736633,0.7549057377984315,0.479060312171138
tsai_resnet_plus,0.795830143206363,0.7366936237919659,0.42111741885733456
