model_name,roc_auc,gmean,cohen_kappa
tsfresh_simple_baseline_random_forest,0.9045941829768233,0.8169948252576381,0.531880591452464
tsfresh_simple_baseline_extra_trees,0.893226198232761,0.8142509846988292,0.5159806521364649
tsfresh_simple_baseline_logit_l2,0.8447606727037517,0.4756781770339576,0.28684202714074625
tsfresh_simple_baseline_logit_elastic,0.8376610500103197,0.7202289615373939,0.4508730425180132
tsfresh_simple_baseline_xgboost,0.8975028789242063,0.8286919385392837,0.540848954240615
