model_name,roc_auc,gmean,cohen_kappa
raw_knn_k1_lp1,0.6273945882070451,0.533686488850323,0.3179602947340777
raw_knn_k5_lp2,0.5611642679753462,0.2328016739508203,0.043361983141316784
raw_knn_k5_lp1,0.6904204330999166,0.47046944161525495,0.28188453349178266
raw_knn_k5_lp1_wd,0.6919841127450121,0.47046944161525495,0.28188453349178266
raw_knn_k1_dtw_r50,0.7641982336602784,0.7607904013488268,0.47593940471527973
raw_knn_k1_dtw_r25,0.7640244415156833,0.7606322821740237,0.47542376003455744
