model_name,roc_auc,gmean,cohen_kappa
tsfresh_full_random_forest,0.596265666460879,0.5462864096220018,0.110580204778157
