model_name,roc_auc,gmean,cohen_kappa
tsfresh_full_random_forest_sce,0.7992282039201497,0.7057826319979491,0.4165429087992595
tsfresh_full_extra_trees_sce,0.799060535916993,0.6867954565906821,0.3958155608041496
tsfresh_full_logit_l2_sce,0.7970450922883874,0.671404464462523,0.37729513631443024
tsfresh_full_logit_elastic_sce,0.7985168470140513,0.6819797334794415,0.38662324134531034
tsfresh_full_xgboost_sce,0.7953572573757597,0.6871045447199554,0.3875832342316299
