model_name,roc_auc,gmean,cohen_kappa
tsfresh_full_random_forest_sce_plus_isi,0.807871533088318,0.7250818861025149,0.44492419945168726
tsfresh_full_extra_trees_sce_plus_isi,0.808676793811353,0.7096642935873501,0.42770664391384483
tsfresh_full_logit_l2_sce_plus_isi,0.8147605848159354,0.6991527405111873,0.4160568324328101
tsfresh_full_logit_elastic_sce_plus_isi,0.8065819882743945,0.6975745034143079,0.40797604569108115
tsfresh_full_xgboost_sce_plus_isi,0.80595431325786,0.7038362227967814,0.41559544533367576
