model_name,trial,accuracy_test,auc_roc_test,accuracy_train,auc_roc_train
raw_knn_k1_ks,0,0.6181102362204725,0.6186976744186047,1.0,1.0
raw_knn_k1_ks,1,0.5590551181102362,0.5596478174603174,1.0,1.0
raw_knn_k1_ks,2,0.610236220472441,0.6146252515090544,1.0,1.0
raw_knn_k1_ks,3,0.610236220472441,0.6082355861726556,1.0,1.0
raw_knn_k1_ks,4,0.610236220472441,0.6103255813953488,1.0,1.0
