model_name,roc_auc,gmean,cohen_kappa
raw_xgboost,0.9001464080783446,0.784036021520911,0.542581577478052
