model_name,gmean,cohen_kappa
raw_knn_k1_victor_purpura,0.45114167663757393,-0.01838534984238893
raw_knn_k1_isi,0.6610912218038968,0.29202160753828077
