model_name,roc_auc,gmean,cohen_kappa
tsfresh_full_random_forest_sce_plus_isi,0.7324202367680629,0.6174197912267657,0.21193921777538716
tsfresh_full_extra_trees_sce_plus_isi,0.7720682698943568,0.6910111552115865,0.27703973332021636
tsfresh_full_logit_l2_sce_plus_isi,0.6610819132558263,0.5392686145481912,0.13696905162186823
tsfresh_full_logit_elastic_sce_plus_isi,0.6732229123533471,0.6261539752843968,0.1805277505258318
tsfresh_full_xgboost_sce_plus_isi,0.7417423156553591,0.6670647004155833,0.2340927374118239
