model_name,roc_auc,gmean,cohen_kappa
tsfresh_full_random_forest_sce,0.7030843552582683,0.5853541544379326,0.17727842303115815
tsfresh_full_extra_trees_sce,0.74302171258693,0.6671681502930987,0.25114028812946587
tsfresh_full_logit_l2_sce,0.6575091575091575,0.5215532928045116,0.13655000269278583
tsfresh_full_logit_elastic_sce,0.6132982959069916,0.528680532637681,0.05976632872007559
tsfresh_full_xgboost_sce,0.687949248818814,0.612551209218165,0.17260057004322016
